id,pmc_id,title
1,PMC4136787,"Mice in Bion-M 1 Space Mission: Training and Selection"
2,PMC3630201,"Microgravity Induces Pelvic Bone Loss through Osteoclastic Activity Osteocytic Osteolysis and Osteoblastic Cell Cycle Inhibition by CDKN1a p21"
3,PMC11988870,"Microgravity and Cellular Biology: Insights into Cellular Responses and Implications for Human Health"
4,PMC7998608,"Selective Proliferation of Highly Functional Adipose-Derived Stem Cells in Microgravity Culture with Stirred Microspheres"
5,PMC5587110,"Microgravity validation of a novel system for RNA isolation and multiplex quantitative real time PCR analysis of gene expression on the International Space Station"
6,PMC8396460,"Spaceflight Modulates the Expression of Key Oxidative Stress and Cell Cycle Related Genes in Heart"
7,PMC5666799,"Dose- and Ion-Dependent Effects in the Oxidative Stress Response to Space-Like Radiation Exposure in the Skeletal System"
8,PMC5460236,"From the bench to exploration medicine: NASA life sciences translational research for human exploration and habitation missions"
9,PMC6222041,"High-precision method for cyclic loading of small-animal vertebrae to assess bone quality"
10,PMC6813909,"Effects of ex vivo Ionizing Radiation on Collagen Structure and Whole-Bone Mechanical Properties of Mouse Vertebrae"
11,PMC4095884,"Absence of γ-sarcoglycan alters the response of p70S6 kinase to mechanical perturbation in murine skeletal muscle"
12,PMC3040128,"5AtRabD2b and AtRabD2c have overlapping functions in pollen development and pollen tube growth"
13,PMC3177255,"TNO1 Is Involved in Salt Tolerance and Vacuolar Trafficking in Arabidopsis1 [W] [OA]"
14,PMC5387210,"TNO1 a TGN-localized SNARE-interacting protein modulates root skewing in Arabidopsis thaliana"
15,PMC4642138,"Gravitropism and Lateral Root Emergence are Dependent on the Trans-Golgi Network Protein TNO1"
16,PMC3901686,"Toll Mediated Infection Response Is Altered by Gravity and Spaceflight in Drosophila"
17,PMC6387434,"GeneLab Database Analyses Suggest Long-Term Impact of Space Radiation on the Cardiovascular System by the Activation of FYN Through Reactive Oxygen Species"
18,PMC6371294,"FAIRness and Usability for Open-access Omics Data Systems"
19,PMC7072278,"NASA GeneLab Platform Utilized for Biological Response to Space Radiation in Animal Models"
20,PMC8441986,"Circulating miRNA Spaceflight Signature Reveals Targets for Countermeasure Development"
21,PMC9400218,"Machine learning algorithm to characterize antimicrobial resistance associated with the International Space Station surface microbiome"
22,PMC9267413,"Extraterrestrial Gynecology: Could Spaceflight Increase the Risk of Developing Cancer in Female Astronauts? An Updated Review"
23,PMC9576569,"Muscle atrophy phenotype gene expression during spaceflight is linked to a metabolic crosstalk in both the liver and the muscle in mice"
24,PMC10789781,"Chromosomal positioning and epigenetic architecture influence DNA methylation patterns triggered by galactic cosmic radiation"
25,PMC10772081,"A comprehensive SARS-CoV-2 and COVID-19 review Part 2: host extracellular to systemic effects of SARS-CoV-2 infection"
26,PMC11166946,"Aging and putative frailty biomarkers are altered by spaceflight"
27,PMC11166944,"Space radiation damage rescued by inhibition of key spaceflight associated miRNAs"
28,PMC11166968,"Ethical considerations for the age of non-governmental space exploration"
29,PMC7000411,"Spaceflight and simulated microgravity conditions increase virulence of Serratia marcescens in the Drosophila melanogaster infection model"
30,PMC7787258,"Prolonged Exposure to Microgravity Reduces Cardiac Contractility and Initiates Remodeling in Drosophila"
31,PMC8716943,"Bundling up the Role of the Actin Cytoskeleton in Primary Root Growth"
32,PMC4826010,"HLB1 Is a Tetratricopeptide Repeat Domain-Containing Protein That Operates at the Intersection of the Exocytic and Endocytic Pathways at the TGN EE in Arabidopsis[OPEN]"
33,PMC7010715,"Brassinosteroids Inhibit Autotropic Root Straightening by Modifying Filamentous-Actin Organization and Dynamics"
34,PMC7503278,"Cell Type-Specific Imaging of Calcium Signaling in Arabidopsis thaliana Seedling Roots Using GCaMP3"
35,PMC8364238,"Spatial and temporal localization of SPIRRIG and WAVE SCAR reveal roles for these proteins in actin-mediated root hair development"
36,PMC11579474,"Impact of microgravity and lunar gravity on murine skeletal and immune systems during space travel"
37,PMC2998437,"S. aureus MscL Is a Pentamer In Vivo but of Variable Stoichiometries In Vitro: Implications for Detergent-Solubilized Membrane Proteins"
38,PMC3190158,"The oligomeric state of the truncated mechanosensitive channel of large conductance shows no variance in vivo"
39,PMC3289768,"Three Routes to Modulate the Pore Size of the MscL Channel Nanovalve"
40,PMC3508904,"The dynamics of protein-protein interactions between domains of MscL at the cytoplasmic-lipid interface"
41,PMC3430326,"The MscS and MscL Families of Mechanosensitive Channels Act as Microbial Emergency Release Valves"
42,PMC3593973,"Chimeras reveal a single lipid-interface residue that controls MscL channel kinetics as well as mechanosensitivity"
43,PMC11127935,"Tardigrade secretory proteins protect biological structures from desiccation"
44,PMC11930778,"Possible roles of CAHS proteins from Tardigrade in osmotic stress tolerance in mammalian cells"
45,PMC8816950,"Production of reactive oxygen species and involvement of bioprotectants during anhydrobiosis in the tardigrade Paramacrobiotus spatialis"
46,PMC4118556,"Partial Reductions in Mechanical Loading Yield Proportional Changes in Bone Density Bone Architecture and Muscle Mass"
47,PMC4653813,"Spaceflight and hind limb unloading induce similar changes in electrical impedance characteristics of mouse gastrocnemius muscle"
48,PMC6915713,"Multi-omics analysis of multiple missions to space reveal a theme of lipid dysregulation in mouse liver"
49,PMC6124165,"Treatment With a Soluble Bone Morphogenetic Protein Type 1A Receptor (BMPR1A) Fusion Protein Increases Bone Mass and Bone Formation in Mice Subjected to Hindlimb Unloading"
50,PMC11063234,"Proteomic and phosphoproteomic characterization of cardiovascular tissues after long term exposure to simulated space radiation"
51,PMC5672023,"Adaptive Changes in the Vestibular System of Land Snail to a 30-Day Spaceflight and Readaptation on Return to Earth"
52,PMC5899691,"Morphology of the Utricular Otolith Organ in the Toadfish Opsanus tau"
53,PMC6204554,"Influence of Magnitude and Duration of Altered Gravity and Readaptation to 1 g on the Structure and Function of the Utricle in Toadfish Opsanus tau"
54,PMC4064004,"Organization of the ER–Golgi interface for membrane traffic control"
55,PMC3818365,"IRE1: ER stress sensor and cell fate executor"
56,PMC3981873,"INTER-REGULATION OF THE UNFOLDED PROTEIN RESPONSE AND AUXIN SIGNALING"
57,PMC4378170,"Galactose-Depleted Xyloglucan Is Dysfunctional and Leads to Dwarfism in Arabidopsis1"
58,PMC4618186,"Unfolded protein response in plants: one master many questions"
59,PMC4453782,"Vesicles versus Tubes: Is Endoplasmic Reticulum-Golgi Transport in Plants Fundamentally Different from Other Eukaryotes?1"
60,PMC4902601,"Pectin Methylesterification Impacts the Relationship between Photosynthesis and Plant Growth1 [OPEN]"
61,PMC4776492,"REDUCED CHLOROPLAST COVERAGE genes from Arabidopsis thaliana help to establish the size of the chloroplast compartment"
62,PMC5415411,"Maintaining the Factory: The Roles of the Unfolded Protein Response in Cellular Homeostasis in Plants"
63,PMC6289879,"NADPH Oxidase activity is required for ER stress survival in plants"
64,PMC7987364,"Relevance of the Unfolded Protein Response to Spaceflight-Induced Transcriptional Reprogramming in Arabidopsis"
65,PMC8099722,"Reanalysis of the Mars500 experiment reveals common gut microbiome alterations in astronauts induced by long-duration confinement"
66,PMC4033213,"Genomic stability in response to high versus low linear energy transfer radiation in Arabidopsis thaliana"
67,PMC6081456,"Acceleration profiles and processing methods for parabolic flight"
68,PMC5955502,"Cytoskeleton structure and total methylation of mouse cardiac and lung tissue during space flight"
69,PMC10285634,"Toward countering muscle and bone loss with spaceflight: GSK3 as a potential target"
70,PMC11271499,"Spaceflight increases sarcoplasmic reticulum Ca2+ leak and this cannot be counteracted with BuOE treatment"
71,PMC6062551,"Cardiovascular progenitor cells cultured aboard the International Space Station exhibit altered developmental and functional properties"
72,PMC9832585,"Inter-agency perspective: Translating advances in biomarker discovery and medical countermeasures development between terrestrial and space radiation environments"
73,PMC7829349,"Genomic and Functional Characterization of Enterococcus faecalis Isolates Recovered From the International Space Station and Their Potential for Pathogenicity"
74,PMC3570223,"Evaluation of in vitro macrophage differentiation during space flight"
75,PMC3457586,"Identification of Critical Host Mitochondrion-Associated Genes during Ehrlichia chaffeensis Infections"
76,PMC3558598,"Ehrlichia chaffeensis replication sites in adult Drosophila melanogaster"
77,PMC11046949,"Antiviral screening of natural anti-inflammatory compound library against African swine fever virus"
78,PMC3890248,"Understanding macrophage differentiation during space flight: The importance of ground-based experiments before space flight"
79,PMC4960141,"Establishment and characterization of DB-1: a leptin receptor-deficient murine macrophage cell line"
80,PMC5736159,"Validation of Methods to Assess the Immunoglobulin Gene Repertoire in Tissues Obtained from Mice on the International Space Station"
81,PMC5761896,"Characterization of the naive murine antibody repertoire using unamplified high-throughput sequencing"
82,PMC5826609,"Effects of spaceflight on the immunoglobulin repertoire of unimmunized C57BL 6 mice"
83,PMC6366624,"A comparison of unamplified and massively multiplexed PCR amplification for murine antibody repertoire sequencing"
84,PMC11929063,"Preclinical development of TAK-754 a high-performance AAV8-based vector expressing coagulation factor VIII"
85,PMC10996920,"An Analysis of the Effects of Spaceflight and Vaccination on Antibody Repertoire Diversity"
86,PMC7954810,"Effects of spaceflight aboard the International Space Station on mouse estrous cycle and ovarian gene expression"
87,PMC4228280,"Effect of spaceflight on Pseudomonas aeruginosa final cell density is modulated by nutrient and oxygen availability"
88,PMC3639165,"Spaceflight Promotes Biofilm Formation by Pseudomonas aeruginosa"
89,PMC8044432,"NASA GeneLab RNA-seq consensus pipeline: standardized processing of short-read RNA-seq data"
90,PMC7778922,"NASA GeneLab: interfaces for the exploration of space omics data"
91,PMC7870178,"Comprehensive Multi-Omics Analysis Reveals Mitochondrial Stress as a Central Biological Hub for Spaceflight Impact"
92,PMC7733874,"A New Era for Space Life Science: International Standards for Space Omics Processing"
93,PMC7828077,"Knowledge Network Embedding of Transcriptomic Data from Spaceflown Mice Uncovers Signs and Symptoms Associated with Terrestrial Diseases"
94,PMC11166911,"Spatially resolved multiomics on the neuronal effects induced by spaceflight in mice"
95,PMC11094041,"Inspiration4 data access through the NASA Open Science Data Repository"
96,PMC11053165,"NASA GeneLab derived microarray studies of Mus musculus and Homo sapiens organisms in altered gravitational conditions"
97,PMC8513672,"Dichotomous effects on lymphatic transport with loss of caveolae in mice"
98,PMC11126634,"Fungal diversity differences in the indoor dust microbiome from built environments on earth and in space"
99,PMC11386075,"Predicting how varying moisture conditions impact the microbiome of dust collected from the International Space Station"
100,PMC3502426,"Aging and Estrogen Status: A Possible Endothelium-Dependent Vascular Coupling Mechanism in Bone Remodeling"
101,PMC3856860,"Chronic Skeletal Unloading of the Rat Femur: Mechanisms and Functional Consequences of Vascular Remodeling"
102,PMC4169763,"Exercise Training Augments Regional Bone and Marrow Blood Flow during Exercise"
103,PMC4379453,"Type 2 diabetes alters bone and marrow blood flow and vascular control mechanisms in the ZDF rat"
104,PMC4964660,"Apollo Lunar Astronauts Show Higher Cardiovascular Disease Mortality: Possible Deep Space Radiation Effects on the Vascular Endothelium"
105,PMC6165321,"Impact of Spaceflight and Artificial Gravity on the Mouse Retina: Biochemical and Proteomic Analysis"
106,PMC7339929,"Simulated Microgravity Induces Regionally Distinct Neurovascular and Structural Remodeling of Skeletal Muscle and Cutaneous Arteries in the Rat"
107,PMC8220224,"Spaceflight decelerates the epigenetic clock orchestrated with a global alteration in DNA methylome and transcriptome in the mouse retina"
108,PMC3166430,"Spatial and temporal characteristics of vestibular convergence"
109,PMC6615562,"The CaV1.2 L-type calcium channel regulates bone homeostasis in the middle and inner ear"
110,PMC7324008,"SIMULATED MICROGRAVITY ENHANCES OLIGODENDROCYTE MITOCHONDRIAL FUNCTION AND LIPID METABOLISM"
111,PMC8412175,"Human Neural Stem Cells Flown into Space Proliferate and Generate Young Neurons"
112,PMC9699585,"Space Microgravity Alters Neural Stem Cell Division: Implications for Brain Cancer Research on Earth and in Space"
113,PMC9953055,"Oligodendrocyte Progenitors Display Enhanced Proliferation and Autophagy after Space Flight"
114,PMC10528075,"Metabolomics Profile of the Secretome of Space-Flown Oligodendrocytes"
115,PMC10813126,"Metabolomic Profiling of the Secretome from Human Neural Stem Cells Flown into Space"
116,PMC10390562,"Paving the way to better understand the effects of prolonged spaceflight on operational performance and its neural bases"
117,PMC4290804,"Spaceflight Induces Specific Alterations in the Proteomes of Arabidopsis"
118,PMC5515520,"The effect of spaceflight on the gravity-sensing auxin gradient of roots: GFP reporter gene microscopy on orbit"
119,PMC5286820,"Skewing in Arabidopsis roots involves disparate environmental signaling pathways"
120,PMC5470433,"Data for characterization of SALK_084889 a T-DNA insertion line of Arabidopsis thaliana"
121,PMC5491145,"Genetic dissection of the Arabidopsis spaceflight transcriptome: Are some responses dispensable for the physiological adaptation of plants to spaceflight?"
122,PMC5996828,"Phenotypic characterization of an Arabidopsis T-DNA insertion line SALK_063500"
123,PMC6201722,"Utilization of single‐image normalized difference vegetation index (SI‐NDVI) for early plant stress detection"
124,PMC6240453,"Comparing RNA‐Seq and microarray gene expression data in two zones of the Arabidopsis root apex relevant to spaceflight"
125,PMC6447593,"Spaceflight-induced alternative splicing during seedling development in Arabidopsis thaliana"
126,PMC7264257,"Biomass Production of the EDEN ISS Space Greenhouse in Antarctica During the 2018 Experiment Phase"
127,PMC7064724,"Root Skewing-Associated Genes Impact the Spaceflight Response of Arabidopsis thaliana"
128,PMC6379395,"Articular cartilage and sternal fibrocartilage respond differently to extended microgravity"
129,PMC4187166,"Host-Microbe Interactions in Microgravity: Assessment and Implications"
130,PMC5219934,"Environmental cues and symbiont microbe-associated molecular patterns function in concert to drive the daily remodelling of the crypt-cell brush border of the Euprymna scolopes light organ"
131,PMC6386654,"Symbiotic organs shaped by distinct modes of genome evolution in cephalopods"
132,PMC7940393,"Modeled microgravity alters lipopolysaccharide and outer membrane vesicle production of the beneficial symbiont Vibrio fischeri"
133,PMC9023564,"Emergence of novel cephalopod gene regulation and expression through large-scale genome reorganization"
134,PMC9389742,"Modeled microgravity alters apoptotic gene expression and caspase activity in the squid-vibrio symbiosis"
135,PMC2824534,"In vitro generation of mechanically functional cartilage grafts based on adult human stem cells and 3D-woven poly(ε-caprolactone) scaffolds"
136,PMC2991213,"Chondrogenesis and Mineralization During In Vitro Culture of Human Mesenchymal Stem Cells on Three-Dimensional Woven Scaffolds"
137,PMC11362537,"Spaceflight alters host-gut microbiota interactions"
138,PMC9111996,"Asparagine biosynthesis as a mechanism of increased host lethality induced by Serratia marcescens in simulated microgravity environments"
139,PMC10308117,"Comparative genomic analysis of Cohnella hashimotonis sp. nov. isolated from the International Space Station"
140,PMC10233975,"Characterization of metagenome-assembled genomes from the International Space Station"
141,PMC10848226,"Biocontrol in built environments to reduce pathogen exposure and infection risk"
142,PMC3329368,"Release of extracellular purines from plant roots and effect on ion fluxes"
143,PMC12008199,"Mechanosensing antagonizes ethylene signaling to promote root gravitropism in rice"
144,PMC4035928,"Salt stress-induced Ca2+ waves are associated with rapid long-distance root-to-shoot signaling in plants"
145,PMC5181587,"Wortmannin-induced vacuole fusion enhances amyloplast dynamics in Arabidopsis zigzag1 hypocotyls"
146,PMC4936552,"A ROS-Assisted Calcium Wave Dependent on the AtRBOHD NADPH Oxidase and TPC1 Cation Channel Propagates the Systemic Response to Salt Stress1 [OPEN]"
147,PMC7610290,"Vascular Bundles Mediate Systemic Reactive Oxygen Signaling during Light Stress[OPEN]"
148,PMC5614317,"Real-time In Vivo Recording of Arabidopsis Calcium Signals During Insect Feeding Using a Fluorescent Biosensor"
149,PMC5677518,"Orchestrating rapid long-distance signaling in plants with Ca2+ ROS and electrical signals"
150,PMC11850895,"Glutathione triggers leaf-to-leaf calcium-based plant defense signaling"
151,PMC7076552,"Test of Arabidopsis Space Transcriptome: A Discovery Environment to Explore Multiple Plant Biology Spaceflight Experiments"
152,PMC7414185,"Tonoplast-localized Ca2+ pumps regulate Ca2+ signals during pattern-triggered immunity in Arabidopsis thaliana"
153,PMC8133610,"The fast and the furious: rapid long-range signaling in plants"
154,PMC8113475,"Rad-Bio-App: a discovery environment for biologists to explore spaceflight-related radiation exposures"
155,PMC9706465,"The vacuolar H+ Ca transporter CAX1 participates in submergence and anoxia stress responses"
156,PMC10027818,"Meta-analysis of the space flight and microgravity response of the Arabidopsis plant transcriptome"
157,PMC3337602,"Low-Dose Ionizing Radiation and Age-Related Changes in Skeletal Microarchitecture"
158,PMC4490751,"Ionizing Radiation Stimulates Expression of Pro-Osteoclastogenic Genes in Marrow and Skeletal Tissue"
159,PMC5132293,"Preservation of Multiple Mammalian Tissues to Maximize Science Return from Ground Based and Spaceflight Experiments"
160,PMC11747068,"Single-cell RNA sequencing of the carotid artery and femoral artery of rats exposed to hindlimb unloading"
161,PMC5666834,"Redox Signaling and Its Impact on Skeletal and Vascular Responses to Spaceflight"
162,PMC6753329,"Influence of Social Isolation During Prolonged Simulated Weightlessness by Hindlimb Unloading"
163,PMC7012842,"Validation of a New Rodent Experimental System to Investigate Consequences of Long Duration Space Habitation"
164,PMC4405755,"The role of alterations in mitochondrial dynamics and PGC-1α over-expression in fast muscle atrophy following hindlimb unloading"
165,PMC8260663,"Overexpression of catalase in mitochondria mitigates changes in hippocampal cytokine expression following simulated microgravity and isolation"
166,PMC4647464,"An extensive allelic series of Drosophila kae1 mutants reveals diverse and tissue-specific requirements for t6A biogenesis"
167,PMC5659752,"Novel organelles with elements of bacterial and eukaryotic secretion systems weaponize parasites of Drosophila"
168,PMC6372189,"A combined computational strategy of sequence and structural analysis predicts the existence of a functional eicosanoid pathway in Drosophila melanogaster"
169,PMC6945029,"Immune Suppressive Extracellular Vesicle Proteins of Leptopilina heterotoma Are Encoded in the Wasp Genome"
170,PMC8191917,"A parasitoid wasp of Drosophila employs preemptive and reactive strategies to deplete its host’s blood cells"
171,PMC9865768,"In Silico Analysis of a Drosophila Parasitoid Venom Peptide Reveals Prevalence of the Cation–Polar–Cation Clip Motif in Knottin Proteins"
172,PMC10797188,"Drosophila parasitoids go to space: Unexpected effects of spaceflight on hosts and their parasitoids"
173,PMC7555395,"Simultaneous Exposure of Cultured Human Lymphoblastic Cells to Simulated Microgravity and Radiation Increases Chromosome Aberrations"
174,PMC4309212,"Genes Required for Survival in Microgravity Revealed by Genome-Wide Yeast Deletion Collections Cultured during Spaceflight"
175,PMC6560652,"Physical Forces Modulate Oxidative Status and Stress Defense Meditated Metabolic Adaptation of Yeast Colonies: Spaceflight and Microgravity Simulations"
176,PMC6321533,"Effects of Space Flight on Mouse Liver versus Kidney: Gene Pathway Analyses"
177,PMC12040010,"Cryptococcus albidus meningitis: A case report and literature review"
178,PMC11833055,"Behavioral and multiomics analysis of 3D clinostat simulated microgravity effect in mice focusing on the central nervous system"
179,PMC9146534,"Three-Dimensional Kidney-on-a-Chip Assessment of Contrast-Induced Kidney Injury: Osmolality and Viscosity"
180,PMC11492218,"The Effect of Different Concentrations of Epinephrine in Otoendoscopic Surgery on Surgical Field Clarity: A Double-Blind Randomized Study"
181,PMC6339989,"From the international space station to the clinic: how prolonged unloading may disrupt lumbar spine stability"
182,PMC4110898,"Fifteen Days Microgravity Causes Growth in Calvaria of Mice"
183,PMC3947616,"Altered Disc Compression in Children with Idiopathic Low Back Pain: An Upright MRI Backpack Study"
184,PMC5477841,"Spaceflight-Induced Bone Loss Alters Failure Mode and Reduces Bending Strength in Murine Spinal Segments"
185,PMC9139491,"Spaceflight-Associated Vascular Remodeling and Gene Expression in Mouse Calvaria"
186,PMC3258067,"Effects of mechanostimulation on gravitropism and signal persistence in flax roots"
187,PMC10025027,"Amelioration of the physio-biochemical responses to salinity stress and computing the primary germination index components in cauliflower on seed priming"
188,PMC7733933,"Desiccation Mitigates Heat Stress in the Resurrection Fern Pleopeltis polypodioides"
189,PMC9105288,"Transcription Profile of Auxin Related Genes during Positively Gravitropic Hypocotyl Curvature of Brassica rapa"
190,PMC9617909,"High-gradient magnetic fields and starch metabolism: results from a space experiment"
191,PMC9695138,"Lipid Rafts and Plant Gravisensitivity"
192,PMC3503204,"MscS-Like10 is a stretch-activated ion channel from Arabidopsis thaliana with a preference for anions"
193,PMC5896955,"The signaling lipid sphingosine 1-phosphate regulates mechanical pain"
194,PMC4469364,"Expressing and Characterizing Mechanosensitive Channels in Xenopus Oocytes"
195,PMC5515506,"Effects of angular frequency during clinorotation on mesenchymal stem cell morphology and migration"
196,PMC3044105,"The role of FGF-2 and BMP-2 in regulation of gene induction cell proliferation and mineralization"
197,PMC3002170,"Nutritional supplements COX-2 and IGF-1 expression in men on active surveillance for prostate cancer"
198,PMC11470607,"Over-activation of iNKT cells aggravate lung injury in bronchopulmonary dysplasia mice"
199,PMC3603133,"Effects of Gravitational Mechanical Unloading in Endothelial Cells: Association between Caveolins Inflammation and Adhesion Molecules"
200,PMC6462350,"Fish Oil Increases Specialized Pro-resolving Lipid Mediators in PAD (The OMEGA-PAD II Trial)"
201,PMC4012541,"Molecular mechanisms underlying the enhanced functions of three-dimensional hepatocyte aggregates"
202,PMC7190111,"Crewmember microbiome may influence microbial composition of ISS habitable surfaces"
203,PMC7382458,"Sierra Nevada sweep: metagenomic measurements of bioaerosols vertically distributed across the troposphere"
204,PMC9241228,"Microbial Tracking-2 a metagenomics analysis of bacteria and fungi onboard the International Space Station"
205,PMC8953707,"Detection of Target Genes for Drug Repurposing to Treat Skeletal Muscle Atrophy in Mice Flown in Spaceflight"
206,PMC11166646,"Release of CD36-associated cell-free mitochondrial DNA and RNA as a hallmark of space environment response"
207,PMC4337661,"Bone shaft bending strength index is unaffected by exercise and unloading in mice"
208,PMC5052530,"Cytoskeletal Configuration Modulates Mechanically Induced Changes in Mesenchymal Stem Cell Osteogenesis Morphology and Stiffness"
209,PMC5114340,"Genetic and tissue level muscle-bone interactions during unloading and reambulation"
210,PMC5488280,"Osteocyte Apoptosis Caused by Hindlimb Unloading is Required to Trigger Osteocyte RANKL Production and Subsequent Resorption of Cortical and Trabecular Bone in Mice Femurs"
211,PMC9293686,"Differential Single Cell Responses of Embryonic Stem Cells Versus Embryoid Bodies to Gravity Mechanostimulation"
212,PMC6091969,"Macrophages inhibit Aspergillus fumigatus germination and neutrophil-mediated fungal killing"
213,PMC7029147,"Contributions of Spore Secondary Metabolites to UV-C Protection and Virulence Vary in Different Aspergillus fumigatus Strains"
214,PMC3092937,"Regulation of Hemocytes in Drosophila Requires dappled Cytochrome b5"
215,PMC5748516,"A novel blue-light phototropic response is revealed in roots of Arabidopsis thaliana in microgravity"
216,PMC9287483,"Recent transcriptomic studies to elucidate the plant adaptive response to spaceflight and to simulated space environments"
217,PMC4211383,"Light and gravity signals synergize in modulating plant development"
218,PMC5821596,"Comparative transcriptomics indicate changes in cell wall organization and stress response in seedlings during spaceflight"
219,PMC6889863,"RNAseq Analysis of the Response of Arabidopsis thaliana to Fractional Gravity Under Blue-Light Stimulation During Spaceflight"
220,PMC6908503,"Comparison of Microgravity Analogs to Spaceflight in Studies of Plant Growth and Development"
221,PMC7607443,"The Importance of Earth Reference Controls in Spaceflight -Omics Research: Characterization of Nucleolin Mutants from the Seedling Growth Experiments"
222,PMC10764921,"Effects of altered gravity on growth and morphology in Wolffia globosa implications for bioregenerative life support systems and space-based agriculture"
223,PMC9605285,"Red Light Enhances Plant Adaptation to Spaceflight and Mars g-Levels"
224,PMC4462657,"MnSOD Overexpression Reduces Fibrosis and Pro-Apoptotic Signaling in the Aging Mouse Heart"
225,PMC5026643,"Lifelong Wheel Running Exercise and Mild Caloric Restriction Attenuate Nuclear EndoG in the Aging Plantaris Muscle"
226,PMC5026642,"Age-related alterations in the sarcolemmal environment are attenuated by lifelong caloric restriction and voluntary exercise"
227,PMC10342025,"The Impact of SRT2104 on Skeletal Muscle Mitochondrial Function Redox Biology and Loss of Muscle Mass in Hindlimb Unloaded Rats"
228,PMC11167039,"Bioreactor development for skeletal muscle hypertrophy and atrophy by manipulating uniaxial cyclic strain: proof of concept"
229,PMC10020673,"Microbial isolation and characterization from two flex lines from the urine processor assembly onboard the international space station"
230,PMC9144607,"CAMDLES: CFD-DEM Simulation of Microbial Communities in Spaceflight and Artificial Microgravity"
231,PMC7314936,"Hardware Validation of the Advanced Plant Habitat on ISS: Canopy Photosynthesis in Reduced Gravity"
232,PMC4340379,"Trimeric Structure of (+)-Pinoresinol-forming Dirigent Protein at 1.95 Å Resolution with Three Isolated Active Sites*"
233,PMC5933128,"Reduced Arogenate Dehydratase Expression: Ramifications for Photosynthesis and Metabolism1 [OPEN]"
234,PMC8185232,"New Insights Into Lignification via Network and Multi-Omics Analyses of Arogenate Dehydratase Knock-Out Mutants in Arabidopsis thaliana"
235,PMC3936501,"Functional Consequences of Radiation-Induced Oxidative Stress in Cultured Neural Stem Cells and the Brain Exposed to Charged Particle Irradiation"
236,PMC11998595,"The Last Mile in Beta-Cell Replacement Therapy for Type 1 Diabetes: Time to Grow Up"
237,PMC7996555,"Network Analysis of Gene Transcriptions of Arabidopsis thaliana in Spaceflight Microgravity"
238,PMC8234954,"Detection of Genes in Arabidopsis thaliana L. Responding to DNA Damage from Radiation and Other Stressors in Spaceflight"
239,PMC5498037,"Effects of low-dose rate γ-irradiation combined with simulated microgravity on markers of oxidative stress DNA methylation potential and remodeling in the mouse heart"
240,PMC6547757,"Characterization of mouse ocular response to a 35-day spaceflight mission: Evidence of blood-retinal barrier disruption and ocular adaptations"
241,PMC6747492,"Mice Exposed to Combined Chronic Low-Dose Irradiation and Modeled Microgravity Develop Long-Term Neurological Sequelae"
242,PMC6746706,"Spaceflight influences gene expression photoreceptor integrity and oxidative stress-related damage in the murine retina"
243,PMC8400407,"Evaluating Ocular Response in the Retina and Optic Nerve Head after Single and Fractionated High-Energy Protons"
244,PMC9365836,"Characterization of gene expression profiles in the mouse brain after 35 days of spaceflight mission"
245,PMC9547011,"A multi-omics longitudinal study of the murine retinal response to chronic low-dose irradiation and simulated microgravity"
246,PMC10138634,"Evidence of Spaceflight-Induced Adverse Effects on Photoreceptors and Retinal Function in the Mouse Eye"
247,PMC12031868,"Disturbances in human position sense during alterations in gravity: a parabolic flight experiment"
248,PMC9583032,"Routine omics collection is a golden opportunity for European human research in space and analog environments"
249,PMC9746133,"Spatial omics technologies at multimodal and single cell subcellular level"
250,PMC10422843,"Genomic characterization and radiation tolerance of Naganishia kalamii sp. nov. and Cystobasidium onofrii sp. nov. from Mars 2020 mission assembly facilities"
251,PMC11022651,"Genome and clonal hematopoiesis stability contrasts with immune cfDNA mitochondrial and telomere length changes during short duration spaceflight"
252,PMC11357997,"Molecular and physiological changes in the SpaceX Inspiration4 civilian crew"
253,PMC11167063,"Telomeric RNA (TERRA) increases in response to spaceflight and high-altitude climbing"
254,PMC11166909,"Spatial multi-omics of human skin reveals KRAS and inflammatory responses to spaceflight"
255,PMC11222149,"Longitudinal multi-omics analysis of host microbiome architecture and immune responses during short-term spaceflight"
256,PMC11166948,"Spatiotemporal expression and control of haemoglobin in space"
257,PMC11166952,"Single-cell multi-ome and immune profiles of the Inspiration4 crew reveal conserved cell-type and sex-specific responses to spaceflight"
258,PMC11166937,"Single-cell analysis identifies conserved features of immune dysfunction in simulated microgravity and spaceflight"
259,PMC11357981,"The Space Omics and Medical Atlas (SOMA) and international astronaut biobank"
260,PMC11166969,"Secretome profiling reveals acute changes in oxidative stress brain homeostasis and coagulation following short-duration spaceflight"
261,PMC11166943,"Astronaut omics and the impact of space on the human body at scale"
262,PMC11166967,"Transcriptomics analysis reveals molecular alterations underpinning spaceflight dermatology"
263,PMC11167060,"Cosmic kidney disease: an integrated pan-omic physiological and morphological study into spaceflight-induced renal dysfunction"
264,PMC11166981,"Spaceflight induces changes in gene expression profiles linked to insulin and estrogen"
265,PMC11263583,"Protective alleles and precision healthcare in crewed spaceflight"
266,PMC10780891,"Bread Wheat in Space Flight: Is There a Difference in Kernel Quality?"
267,PMC7067979,"Microbiological and Nutritional Analysis of Lettuce Crops Grown on the International Space Station"
268,PMC4321547,"Natural variation in the expression of ORGANIC CATION TRANSPORTER 1 affects root length responses to cadaverine in Arabidopsis"
269,PMC6710492,"Turbidity matters: differential effect of a 2 4-D formulation on the structure of microbial communities from clear and turbid freshwater systems"
270,PMC8518694,"Cadaverine regulates biotin synthesis to modulate primary root growth in Arabidopsis"
271,PMC9861679,"Low-Speed Clinorotation of Brachypodium distachyon and Arabidopsis thaliana Seedlings Triggers Root Tip Curvatures That Are Reminiscent of Gravitropism"
272,PMC2897429,"New Device for High-Throughput Viability Screening of Flow Biofilms ▿"
273,PMC4187989,"Sigma S-Dependent Antioxidant Defense Protects Stationary-Phase Escherichia coli against the Bactericidal Antibiotic Gentamicin"
274,PMC6981245,"Effects of Spaceflight on the Mouse Submandibular Gland"
275,PMC6131065,"Response of the mouse sublingual gland to spaceflight"
276,PMC11233762,"Upregulation of Amy1 in the salivary glands of mice exposed to a lunar gravity environment using the multiple artificial gravity research system"
277,PMC6213004,"Reactivation of Latent Epstein-Barr Virus: A Comparison after Exposure to Gamma Proton Carbon and Iron Radiation"
278,PMC7171750,"The influence of spaceflight on the astronaut salivary microbiome and the search for a microbiome biomarker for viral reactivation"
279,PMC10414970,"The AUX1-AFB1-CNGC14 module establishes a longitudinal root surface pH profile"
280,PMC8450295,"Telomere length assessments of muscle stem cells in rodent and human skeletal muscle sections"
281,PMC8183356,"Persistent NF-κB activation in muscle stem cells induces proliferation-independent telomere shortening"
282,PMC8932657,"Piezo1 regulates the regenerative capacity of skeletal muscles via orchestration of stem cell morphological states"
283,PMC10504369,"Impacts of radiation exposure hindlimb unloading and recovery on murine skeletal muscle cell telomere length"
284,PMC3982735,"Ethylene-Induced Flavonol Accumulation in Guard Cells Suppresses Reactive Oxygen Species and Moderates Stomatal Aperture1 [W] [OPEN]"
285,PMC4682325,"Transcriptional and Hormonal Regulation of Gravitropism of Woody Stems in Populus[OPEN]"
286,PMC10264680,"The EXO70 inhibitor Endosidin2 alters plasma membrane protein composition in Arabidopsis roots"
287,PMC7358545,"A Conditional Mutation in SCD1 Reveals Linkage Between PIN Protein Trafficking Auxin Transport Gravitropism and Lateral Root Initiation"
288,PMC9108708,"A comprehensive SARS-CoV-2 and COVID-19 review Part 1: Intracellular overdrive for SARS-CoV-2 infection"
289,PMC7555797,"Changes in Nuclear Shape and Gene Expression in Response to Simulated Microgravity Are LINC Complex-Dependent"
290,PMC3545801,"Growth of Carnobacterium spp. from permafrost under low pressure temperature and anoxic atmosphere has implications for Earth microbes on Mars"
291,PMC4135744,"Exposure of Bacillus subtilis to Low Pressure (5 Kilopascals) Induces Several Global Regulons Including Those Involved in the SigB-Mediated General Stress Response"
292,PMC3911009,"Resistance of Bacillus subtilis Spore DNA to Lethal Ionizing Radiation Damage Relies Primarily on Spore Core Components and DNA Repair with Minor Effects of Oxygen Radical Detoxification"
293,PMC4923109,"Cultivation of Staphylococcus epidermidis in the Human Spaceflight Environment Leads to Alterations in the Frequency and Spectrum of Spontaneous Rifampicin-Resistance Mutations in the rpoB Gene"
294,PMC11673879,"Thermal Plasticity and Evolutionary Constraints in Bacillus: Implications for Climate Change Adaptation"
295,PMC5648920,"Cultivation in Space Flight Produces Minimal Alterations in the Susceptibility of Bacillus subtilis Cells to 72 Different Antibiotics and Growth-Inhibiting Compounds"
296,PMC5817088,"Alterations in the Spectrum of Spontaneous Rifampicin-Resistance Mutations in the Bacillus subtilis rpoB Gene after Cultivation in the Human Spaceflight Environment"
297,PMC7825584,"Mechanotransduction in Prokaryotes: A Possible Mechanism of Spaceflight Adaptation"
298,PMC8904044,"Environmental Dependence of Competitive Fitness in Rifampin-Resistant rpoB Mutants of Bacillus subtilis"
299,PMC3012082,"Analysis of Interactions of Salmonella Type Three Secretion Mutants with 3-D Intestinal Epithelial Cells"
300,PMC11088941,"3D Oral and Cervical Tissue Models to Study Papillomavirus Host-Pathogen Interactions"
301,PMC3187170,"Induction of Attachment-Independent Biofilm Formation and Repression of hfq Expression by Low-Fluid-Shear Culture of Staphylococcus aureus ▿"
302,PMC3133089,"Characterization of the Salmonella enterica Serovar Typhimurium ydcI Gene Which Encodes a Conserved DNA Binding Protein Required for Full Acid Stress Resistance▿ †"
303,PMC3242767,"Evaluation of Microorganisms Cultured from Injured and Repressed Tissue Regeneration Sites in Endangered Giant Aquatic Ozark Hellbender Salamanders"
304,PMC3067220,"Transcriptional and Proteomic Responses of Pseudomonas aeruginosa PAO1 to Spaceflight Conditions Involve Hfq Regulation and Reveal a Role for Oxygen▿"
305,PMC3251573,"New Insights into the Bacterial Fitness-Associated Mechanisms Revealed by the Characterization of Large Plasmids of an Avian Pathogenic E. coli"
306,PMC3647661,"Lack of Norovirus Replication and Histo-Blood Group Antigen Expression in 3-Dimensional Intestinal Epithelial Cells"
307,PMC4085587,"Conservation of the Low-shear Modeled Microgravity Response in Enterobacteriaceae and Analysis of the trp Genes in this Response"
308,PMC4096993,"Mimicking the host and its microenvironment in vitro for studying mucosal infections by Pseudomonas aeruginosa"
309,PMC7467030,"Hypotheses about sub-optimal hydration in the weeks before coronavirus disease (COVID-19) as a risk factor for dying from COVID-19"
310,PMC4427280,"Recellularization of Decellularized Lung Scaffolds Is Enhanced by Dynamic Suspension Culture"
311,PMC5460263,"Three-dimensional organotypic co-culture model of intestinal epithelial cells and macrophages to study Salmonella enterica colonization patterns"
312,PMC6204695,"Modeling Host-Pathogen Interactions in the Context of the Microenvironment: Three-Dimensional Cell Culture Comes of Age"
313,PMC7943786,"Evaluating the effect of spaceflight on the host–pathogen interaction between human intestinal epithelial cells and Salmonella Typhimurium"
314,PMC11888247,"Candida albicans Colonization Modulates Murine Ethanol Consumption and Behavioral Responses Through Elevation of Serum Prostaglandin E2 and Impact on the Striatal Dopamine System"
315,PMC3851762,"Spaceflight Enhances Cell Aggregation and Random Budding in Candida albicans"
316,PMC8067245,"Growth and Antifungal Resistance of the Pathogenic Yeast Candida Albicans in the Microgravity Environment of the International Space Station: An Aggregate of Multiple Flight Experiences"
317,PMC9701605,"Challenges and considerations for single-cell and spatially resolved transcriptomics sample collection during spaceflight"
318,PMC11166648,"Direct RNA sequencing of astronaut blood reveals spaceflight-associated m6A increases and hematopoietic transcriptional responses"
319,PMC11166662,"Collection of biospecimens from the inspiration4 mission establishes the standards for the space omics and medical atlas (SOMA)"
320,PMC3838407,"Microfluidics-enabled method to identify modes of Caenorhabditis elegans paralysis in four anthelmintics"
321,PMC3748764,"Multiparameter Behavioral Analyses Provide Insights to Mechanisms of Cyanide Resistance in Caenorhabditis elegans"
322,PMC2925951,"Growth Performance and Root Transcriptome Remodeling of Arabidopsis in Response to Mars-Like Levels of Magnesium Sulfate"
323,PMC3350920,"The 14-3-3 proteins of Arabidopsis regulate root growth and chloroplast development as components of the photosensory system"
324,PMC3422896,"14-3-3 phosphoprotein interaction networks – does isoform diversity present functional interaction specification?"
325,PMC11869762,"Ginsenoside Reshapes Intestinal Microecology to Alleviate Microgravity Stress"
326,PMC10712242,"Integrative transcriptomics and proteomics profiling of Arabidopsis thaliana elucidates novel mechanisms underlying spaceflight adaptation"
327,PMC6143729,"Characterization of Aspergillus niger Isolated from the International Space Station"
328,PMC10058394,"Brachypodium distachyon Seedlings Display Accession-Specific Morphological and Transcriptomic Responses to the Microgravity Environment of the International Space Station"
329,PMC4103452,"A method for preparing spaceflight RNAlater-fixed Arabidopsis thaliana (Brassicaceae) tissue for scanning electron microscopy1"
330,PMC8024390,"ARG1 Functions in the Physiological Adaptation of Undifferentiated Plant Cells to Spaceflight"
331,PMC6348315,"A member of the CONSTANS-Like protein family is a putative regulator of reactive oxygen species homeostasis and spaceflight physiological adaptation"
332,PMC6359015,"HSFA2 Functions in the Physiological Adaptation of Undifferentiated Plant Cells to Spaceflight"
333,PMC7667275,"Neutrophil-to-Lymphocyte Ratio: A Biomarker to Monitor the Immune Status of Astronauts"
334,PMC7756144,"Beyond Low-Earth Orbit: Characterizing Immune and microRNA Differentials following Simulated Deep Spaceflight Conditions in Mice"
335,PMC8169688,"Immunological and hematological outcomes following protracted low dose low dose rate ionizing radiation and simulated microgravity"
336,PMC8475764,"Epigenomic Regulators Elongator Complex Subunit 2 and Methyltransferase 1 Differentially Condition the Spaceflight Response in Arabidopsis"
337,PMC9098553,"Plants grown in Apollo lunar regolith present stress-associated transcriptomes that inform prospects for lunar exploration"
338,PMC10503492,"Artificial Gravity Partially Protects Space-induced Neurological Deficits in Drosophila melanogaster"
339,PMC9693084,"Utilizing the KSC Fixation Tube to Conduct Human-Tended Plant Biology Experiments on a Suborbital Spaceflight"
340,PMC4430214,"Post-Spaceflight (STS-135) Mouse Splenocytes Demonstrate Altered Activation Properties and Surface Molecule Expression"
341,PMC5045078,"Changes in the distribution and function of leukocytes after whole-body iron ion irradiation"
342,PMC5443495,"Is spaceflight-induced immune dysfunction linked to systemic changes in metabolism?"
343,PMC5666744,"Spaceflight Activates Autophagy Programs and the Proteasome in Mouse Liver"
344,PMC5865701,"Vive la radiorésistance!: converging research in radiobiology and biogerontology to enhance human radioresistance for deep space exploration and colonization"
345,PMC9953463,"Transcriptomic Effects on the Mouse Heart Following 30 Days on the International Space Station"
346,PMC10487739,"Spaceflight-Induced Gene Expression Profiles in the Mouse Brain Are Attenuated by Treatment with the Antioxidant BuOE"
347,PMC11942576,"Genome-Wide Analysis of the PERK Gene Family in Brassica napus L. and Their Potential Roles in Clubroot Disease"
348,PMC4052902,"Phosphoinositide-signaling is one component of a robust plant defense response"
349,PMC8539686,"Uncovering Transcriptional Responses to Fractional Gravity in Arabidopsis Roots"
350,PMC10800490,"Conserved plant transcriptional responses to microgravity from two consecutive spaceflight experiments"
351,PMC7756143,"RNAseq Analysis of Rodent Spaceflight Experiments Is Confounded by Sample Collection Techniques"
352,PMC3066201,"Functional Changes in the Snail Statocyst System Elicited by Microgravity"
353,PMC11324864,"Simulated microgravity impairs human NK cell cytotoxic activity against space radiation-relevant leukemic cells"
354,PMC10470837,"Reviewing the state of biosensors and lab-on-a- chip technologies: opportunities for extreme environments and space exploration"
355,PMC10386755,"Sequencing the Genomes of the First Terrestrial Fungal Lineages: What Have We Learned?"
356,PMC8896891,"The interaction of vortical flows with red cells in venous valve mimics"
357,PMC8430797,"Mammalian and Invertebrate Models as Complementary Tools for Gaining Mechanistic Insight on Muscle Responses to Spaceflight"
358,PMC5460135,"Investigation of simulated microgravity effects on Streptococcus mutans physiology and global gene expression"
359,PMC10774393,"Altered quorum sensing and physiology of Staphylococcus aureus during spaceflight detected by multi-omics data analysis"
360,PMC6126739,"Phosphoinositides control the localization of HOPS subunit VPS41 which together with VPS33 mediates vacuole fusion in plants"
361,PMC4411111,"REGULATOR OF BULB BIOGENESIS1 (RBB1) Is Involved in Vacuole Bulb Formation in Arabidopsis"
362,PMC9445043,"Microgravity enhances the phenotype of Arabidopsis zigzag-1 and reduces the Wortmannin-induced vacuole fusion in root cells"
363,PMC3509447,"Hypergravity disruption of homeorhetic adaptations to lactation in rat dams include changes in circadian clocks"
364,PMC5600826,"Intrauterine exposure to maternal stress alters Bdnf IV DNA methylation and telomere length in the brain of adult rat offspring"
365,PMC10831389,"Sex differences in muscle health in simulated micro- and partial-gravity environments in rats"
366,PMC4507784,"Brassinazole resistant 1 (BZR1)-dependent brassinosteroid signalling pathway leads to ectopic activation of quiescent cell division and suppresses columella stem cell differentiation"
367,PMC4349987,"Proteomic Study of Microsomal Proteins Reveals a Key Role for Arabidopsis Annexin 1 in Mediating Heat Stress-Induced Increase in Intracellular Calcium Levels*"
368,PMC6638264,"Apyrase inhibitors enhance the ability of diverse fungicides to inhibit the growth of different plant‐pathogenic fungi"
369,PMC6130020,"ANN1 and ANN2 Function in Post-Phloem Sugar Transport in Root Tips to Affect Primary Root Growth1 [OPEN]"
370,PMC9695374,"Mitochondria-Targeted Human Catalase in the Mouse Longevity MCAT Model Mitigates Head-Tilt Bedrest-Induced Neuro-Inflammation in the Hippocampus"
371,PMC6141014,"Structural and functional properties of bone are compromised in amyotrophic lateral sclerosis mice"
372,PMC6706399,"Longitudinal time course of muscle impairments during partial weight-bearing in rats"
373,PMC12034070,"Blood Flow Restriction Training: A Tool to Enhance Rehabilitation and Build Athlete Resiliency"
374,PMC7235020,"Dose-dependent skeletal deficits due to varied reductions in mechanical loading in rats"
375,PMC7599661,"Approaching Gravity as a Continuum Using the Rat Partial Weight-Bearing Model"
376,PMC8493566,"Hindlimb suspension in Wistar rats: Sex‐based differences in muscle response"
377,PMC6069985,"Effects of liquid cultivation on gene expression and phenotype of C. elegans"
378,PMC9856674,"Transcriptomic Signature of the Simulated Microgravity Response in Caenorhabditis elegans and Comparison to Spaceflight Experiments"
379,PMC9410522,"Enabling Clonal Analyses of Yeast in Outer Space by Encapsulation and Desiccation in Hollow Microparticles"
380,PMC10344948,"Caenorhabditis elegans in microgravity: An omics perspective"
381,PMC4750446,"Dried plum diet protects from bone loss caused by ionizing radiation"
382,PMC7162976,"Dietary countermeasure mitigates simulated spaceflight-induced osteopenia in mice"
383,PMC11353732,"Simulated Microgravity Alters Gene Regulation Linked to Immunity and Cardiovascular Disease"
384,PMC11953390,"Identification of therapeutic targets for chronic kidney disease through Mendelian randomization analysis of druggable genes"
385,PMC9737020,"A New Role of NAP1L1 in Megakaryocytes and Human Platelets"
386,PMC5515519,"Evaluation of rodent spaceflight in the NASA animal enclosure module for an extended operational period (up to 35 days)"
387,PMC10144393,"Morphology of Penicillium rubens Biofilms Formed in Space"
388,PMC10719374,"Explainable machine learning identifies multi-omics signatures of muscle response to spaceflight in mice"
389,PMC11096397,"Microbial adaptation to spaceflight is correlated with bacteriophage-encoded functions"
390,PMC11166655,"Influence of the spaceflight environment on macrophage lineages"
391,PMC7937622,"MARSBOx: Fungal and Bacterial Endurance From a Balloon-Flown Analog Mission in the Stratosphere"
392,PMC7055474,"In situ Linkage of Fungal and Bacterial Proliferation to Microbiologically Influenced Corrosion in B20 Biodiesel Storage Tanks"
393,PMC4494396,"Nature of Pre-Earthquake Phenomena and their Effects on Living Organisms"
394,PMC8886715,"Blocking SARS-CoV-2 Delta Variant (B.1.617.2) Spike Protein Receptor-Binding Domain Binding with the ACE2 Receptor of the Host Cell and Inhibiting Virus Infections Using Human Host Defense Peptide-Conjugated Graphene Quantum Dots"
395,PMC8890767,"Safety and Pharmacokinetics of Intranasally Administered Heparin"
396,PMC9487896,"Inhibition of SARS-CoV-2 wild-type (Wuhan-Hu-1) and Delta (B.1.617.2) strains by marine sulfated glycans"
397,PMC10142442,"Inhibition of Cytomegalovirus by Pentacta pygmaea Fucosylated Chondroitin Sulfate Depends on Its Molecular Weight"
398,PMC11477029,"Effect of Simulated Cosmic Radiation on Cytomegalovirus Reactivation and Lytic Replication"
399,PMC4309301,"A Tissue Retrieval and Postharvest Processing Regimen for Rodent Reproductive Tissues Compatible with Long-Term Storage on the International Space Station and Postflight Biospecimen Sharing Program"
400,PMC6343501,"The multiscale structural and mechanical effects of mouse supraspinatus muscle unloading on the mature enthesis"
401,PMC7138367,"Multiscale effects of spaceflight on murine tendon and bone"
402,PMC6689164,"Reproducible changes in the gut microbiome suggest a shift in microbial and host metabolism during spaceflight"
403,PMC3564669,"Failure to Generate Bone Marrow Adipocytes Does Not Protect Mice from Ovariectomy-Induced Osteopenia"
404,PMC4042434,"Acute Exposure to High Dose γ-Radiation Results in Transient Activation of Bone Lining Cells"
405,PMC4161659,"Morbid Obesity Attenuates the Skeletal Abnormalities Associated with Leptin Deficiency in Mice"
406,PMC4917201,"Hypothalamic Leptin Gene Therapy Reduces Body Weight without Accelerating Age-Related Bone Loss"
407,PMC4985531,"Hypothalamic Leptin Gene Therapy Reduces Bone Marrow Adiposity in ob ob Mice Fed Regular and High-Fat Diets"
408,PMC5421618,"Room Temperature Housing Results in Premature Cancellous Bone Loss in Growing Female Mice: Implications for the Mouse as a Preclinical Model for Age-Related Bone Loss"
409,PMC5515514,"Spaceflight-induced vertebral bone loss in ovariectomized rats is associated with increased bone marrow adiposity and no change in bone formation"
410,PMC8671758,"The Role of Estrogen Receptor α in Response to Longitudinal Bone Growth in ob ob Mice"
411,PMC5771473,"Effects of hypothalamic leptin gene therapy on osteopetrosis in leptin-deficient mice"
412,PMC5288125,"Leptin Stimulates Bone Formation in ob ob Mice at Doses Having Minimal Impact on Energy Metabolism"
413,PMC5389344,"Bone Marrow Adipose Tissue Deficiency Increases Disuse-Induced Bone Loss in Male Mice"
414,PMC9784906,"Mannose Receptor Deficiency Impacts Bone Marrow and Circulating Immune Cells during High Fat Diet Induced Obesity"
415,PMC6548323,"Maintenance of Near Normal Bone Mass and Architecture in Lethally Irradiated Female Mice following Adoptive Transfer with as few as 750 Purified Hematopoietic Stem Cells"
416,PMC6597714,"Effect of Leptin Deficiency on the Skeletal Response to Hindlimb Unloading in Adult Male Mice"
417,PMC6865368,"Thermoneutral housing attenuates premature cancellous bone loss in male C57BL 6J mice"
418,PMC7907224,"Effects of spaceflight on cancellous and cortical bone in proximal femur in growing rats☆"
419,PMC9582271,"Leptin and environmental temperature as determinants of bone marrow adiposity in female mice"
420,PMC10063413,"Small changes in thermoregulation influence cancellous bone turnover balance in distal femur metaphysis in growing female mice"
421,PMC10889206,"Bone Marrow Adipose Tissue Is Not Required for Reconstitution of the Immune System following Irradiation in Male Mice"
422,PMC8468678,"Simulated Microgravity Promotes Horizontal Gene Transfer of Antimicrobial Resistance Genes between Bacterial Genera in the Absence of Antibiotic Selective Pressure"
423,PMC9031868,"Understanding the Complexities and Changes of the Astronaut Microbiome for Successful Long-Duration Space Missions"
424,PMC10030976,"Toward sustainable space exploration: a roadmap for harnessing the power of microorganisms"
425,PMC5910807,"Roll maneuvers are essential for active reorientation of Caenorhabditis elegans in 3D media"
426,PMC12021249,"Development of a size-separation technique to isolate Caenorhabditis elegans embryos using mesh filters"
427,PMC6057834,"NemaFlex: A microfluidics-based technology for standardized measurement of muscular strength of C. elegans"
428,PMC6876156,"Swim exercise in Caenorhabditis elegans extends neuromuscular and gut healthspan enhances learning ability and protects against neurodegeneration"
429,PMC7415877,"Molecular Muscle Experiment: Hardware and Operational Lessons for Future Astrobiology Space Experiments"
430,PMC7285199,"Tart Cherry Increases Lifespan in Caenorhabditis elegans by Altering Metabolic Signaling Pathways"
431,PMC9549344,"A Region of UNC-89 (obscurin) Lying Between Two Protein Kinase Domains is a Highly Elastic Spring Required for Proper Sarcomere Organization"
432,PMC7530743,"NemaLife chip: a micropillar-based microfluidic culture device optimized for aging studies in crawling C. elegans"
433,PMC7890410,"Spaceflight affects neuronal morphology and alters transcellular degradation of neuronal debris in adult Caenorhabditis elegans"
434,PMC9640571,"Microfluidics-integrated spaceflight hardware for measuring muscle strength of Caenorhabditis elegans on the International Space Station"
435,PMC9862956,"A Compact Imaging Platform for Conducting C. elegans Phenotypic Assays on Earth and in Spaceflight"
436,PMC10410709,"Mitochondrial sulfide promotes life span and health span through distinct mechanisms in developing versus adult treated Caenorhabditis elegans"
437,PMC10751425,"Bisphosphonates attenuate age‐related muscle decline in Caenorhabditis elegans"
438,PMC10605753,"Spaceflight Induces Strength Decline in Caenorhabditis elegans"
439,PMC10846184,"Metabolic model predictions enable targeted microbiome manipulation through precision prebiotics"
440,PMC11302229,"Identification and characterization of a skin microbiome on Caenorhabditis elegans suggests environmental microbes confer cuticle protection"
441,PMC11487192,"Protein kinase 2 of the giant sarcomeric protein UNC-89 regulates mitochondrial morphology and function"
442,PMC3554398,"New perspectives on viable microbial communities in low-biomass cleanroom environments"
443,PMC10370681,"Wild mouse gut microbiota limits initial tuberculosis infection in BALB c mice"
444,PMC4624184,"Microbiomes of the dust particles collected from the International Space Station and Spacecraft Assembly Facilities"
445,PMC9116463,"Proteomic characterization of Aspergillus fumigatus isolated from air and surfaces of the International Space Station"
446,PMC5504618,"Human presence impacts fungal diversity of inflated lunar Mars analog habitat"
447,PMC8421509,"Longitudinal characterization of multispecies microbial populations recovered from spaceflight potable water"
448,PMC5864415,"KatharoSeq Enables High-Throughput Microbiome Analysis from Low-Biomass Samples"
449,PMC7326050,"Metabolomic Analysis of Aspergillus niger Isolated From the International Space Station Reveals Enhanced Production Levels of the Antioxidant Pyranonigrin A"
450,PMC6251167,"Multi-drug resistant Enterobacter bugandensis species isolated from the International Space Station and comparative genomic analyses with human pathogenic strains"
451,PMC9098231,"International Space Station conditions alter genomics proteomics and metabolomics in Aspergillus nidulans"
452,PMC6426649,"Genomic Characterization and Virulence Potential of Two Fusarium oxysporum Isolates Cultured from the International Space Station"
453,PMC6452512,"Characterization of the total and viable bacterial and fungal communities associated with the International Space Station surfaces"
454,PMC6529585,"Proteomic and Metabolomic Characteristics of Extremophilic Fungi Under Simulated Mars Conditions"
455,PMC6952069,"MetaMiner: A Scalable Peptidogenomics Approach for Discovery of Ribosomal Peptide Natural Products with Blind Modifications from Microbial Communities"
456,PMC7677455,"Assessing the Risk of Transfer of Microorganisms at the International Space Station Due to Cargo Delivery by Commercial Resupply Vehicles"
457,PMC8005752,"Methylobacterium ajmalii sp. nov. Isolated From the International Space Station"
458,PMC12034939,"MHC Diversity Across Time and Space"
459,PMC8012687,"Effects of Simulated Microgravity on the Proteome and Secretome of the Polyextremotolerant Black Fungus Knufia chersonesos"
460,PMC8211661,"Evaluating the lettuce metatranscriptome with MinION sequencing for future spaceflight food production applications"
461,PMC11988970,"Molecular Mechanism of Microgravity-Induced Intestinal Flora Dysbiosis on the Abnormalities of Liver and Brain Metabolism"
462,PMC8754149,"Genomic Characterization of Potential Plant Growth-Promoting Features of Sphingomonas Strains Isolated from the International Space Station"
463,PMC8875396,"Genomic Characterization of the Titan-like Cell Producing Naganishia tulchinskyi the First Novel Eukaryote Isolated from the International Space Station"
464,PMC9258157,"Metabolic modeling of the International Space Station microbiome reveals key microbial interactions"
465,PMC9503880,"Microbial Burden Estimation of Food Items Built Environments and the International Space Station Using Film Media"
466,PMC9743659,"Multidrug-resistant Acinetobacter pittii is adapting to and exhibiting potential succession aboard the International Space Station"
467,PMC10715203,"Genomic analysis reveals the presence of emerging pathogenic Klebsiella lineages aboard the International Space Station"
468,PMC10628120,"Phylogenomics phenotypic and functional traits of five novel (Earth-derived) bacterial species isolated from the International Space Station and their prevalence in metagenomes"
469,PMC10960378,"Genomic functional and metabolic enhancements in multidrug-resistant Enterobacter bugandensis facilitating its persistence and succession in the International Space Station"
470,PMC11451251,"Adaptation to space conditions of novel bacterial species isolated from the International Space Station revealed by functional gene annotations and comparative genome analysis"
471,PMC6590338,"Recent advances in the genome mining of Aspergillus secondary metabolites (covering 2012–2018)"
472,PMC6036641,"Cortical Thinning and Structural Bone Changes in Non-human Primates Following Single Fraction Whole Chest Radiation"
473,PMC6599637,"Knee and Hip Joint Cartilage Damage from Combined Spaceflight Hazards of Low-Dose Radiation Less than 1 Gy and Prolonged Hindlimb Unloading"
474,PMC8131644,"Spaceflight and hind limb unloading induces an arthritic phenotype in knee articular cartilage and menisci of rodents"
475,PMC9163032,"αKlotho decreases after reduced weight-bearing from both spaceflight and hindlimb unloading"
476,PMC5568470,"Prolonged Exposure to Particulate Chromate Inhibits RAD51 Nuclear Import Mediator Proteins"
477,PMC5485990,"Transcriptomics NF-κB Pathway and Their Potential Spaceflight-Related Health Consequences"
478,PMC6275019,"Synergistic Effects of Weightlessness Isoproterenol and Radiation on DNA Damage Response and Cytokine Production in Immune Cells"
479,PMC5397022,"Transcriptome and proteome responses in RNAlater preserved tissue of Arabidopsis thaliana"
480,PMC7251690,"Spaceflight induces novel regulatory responses in Arabidopsis seedling as revealed by combined proteomic and transcriptomic analyses"
481,PMC10284894,"Microbial applications for sustainable space exploration beyond low Earth orbit"
482,PMC9964234,"Designing a Novel Monitoring Approach for the Effects of Space Travel on Astronauts’ Health"
483,PMC10793275,"Draft genome sequence of Sphingomonas paucimobilis strain Sph5 isolated from tap water filtration membrane"
484,PMC4116675,"Overexpression of CupB5 activates alginate overproduction in Pseudomonas aeruginosa by a novel AlgW-dependent mechanism"
485,PMC5810432,"Burn Injury-Associated MHCII+ Immune Cell Accumulation Around Lymphatic Vessels of the Mesentery and Increased Lymphatic Endothelial Permeability Are Blocked by Doxycycline Treatment"
486,PMC10261121,"Future space experiment platforms for astrobiology and astrochemistry research"
487,PMC8739323,"The smallest space miners: principles of space biomining"
488,PMC9502502,"Simulated Micro- Lunar and Martian Gravities on Earth—Effects on Escherichia coli Growth Phenotype and Sensitivity to Antibiotics"
489,PMC10432549,"Biofilm formation of Pseudomonas aeruginosa in spaceflight is minimized on lubricant impregnated surfaces"
490,PMC7261848,"Competitive Growth Assay of Mutagenized Chlamydomonas reinhardtii Compatible With the International Space Station Veggie Plant Growth Chamber"
491,PMC8537831,"Spatial Characterization of Microbial Communities on Multi-Species Leafy Greens Grown Simultaneously in the Vegetable Production Systems on the International Space Station"
492,PMC8879990,"Response of Arabidopsis thaliana and Mizuna Mustard Seeds to Simulated Space Radiation Exposures"
493,PMC11999716,"Metagenomic interrogation of urban Superfund site reveals antimicrobial resistance reservoir and bioremediation potential"
494,PMC11940681,"37-Day microgravity exposure in 16-Week female C57BL 6J mice is associated with bone loss specific to weight-bearing skeletal sites"
495,PMC11941215,"Effects of Space Flight on Inflammasome Activation in the Brain of Mice"
496,PMC11892206,"Immunization induces inflammation in the mouse heart during spaceflight"
497,PMC11748630,"Analyzing the relationship between gene expression and phenotype in space-flown mice using a causal inference machine learning ensemble"
498,PMC11659408,"Sex-specific cardiovascular adaptations to simulated microgravity in Sprague-Dawley rats"
499,PMC11701653,"NASA open science data repository: open science for life in space"
500,PMC11593819,"Artificial Gravity Attenuates the Transcriptomic Response to Spaceflight in the Optic Nerve and Retina"
501,PMC11339457,"Discoveries from human stem cell research in space that are relevant to advancing cellular therapies on Earth"
